timesofindia,shramn
timesofindia,PoojaParvati
timesofindia,rohitagarwal86
timesofindia,AnandMadhukar08
timesofindia,prateektanmay
timesofindia,ricketyship
timesofindia,surindero
timesofindia,nehasanghvi
timesofindia,CarieIsSoVery
timesofindia,KanchandSharma
timesofindia,harshiang
timesofindia,Abhisharma987
timesofindia,VicWicky
timesofindia,7_inali_3
timesofindia,abhishektreat
timesofindia,seneca_30
timesofindia,ParthChothani8
timesofindia,kxxvya
timesofindia,dhnitesh
timesofindia,WhiskAffair
timesofindia,fitziest
timesofindia,drsinghuk1948
timesofindia,ganeshroy10
timesofindia,raghuramlsp
timesofindia,Lonevolf
timesofindia,SetlurS
timesofindia,puiokjh
timesofindia,rebeccakeogh350
timesofindia,being_adhiraj
timesofindia,Pooja_parud
timesofindia,_tommoxaf
JaredLeto,gbvalley
JaredLeto,MCNMG
JaredLeto,stillfrancesca
JaredLeto,nabu_dew
JaredLeto,1D_FlyWith30STM
JaredLeto,dare_darou
JaredLeto,MysticEchelon
JaredLeto,Castiel_1234
JaredLeto,gorigo86
JaredLeto,haaar_aas
JaredLeto,obinniegirl26
JaredLeto,thruxton76
JaredLeto,akasha777
JaredLeto,followMohammadz
JaredLeto,Eugexo_CO
JaredLeto,EchelonSanJuan
JaredLeto,olesy8330
JaredLeto,ClearlyCrystalB
JaredLeto,kryandhari
JaredLeto,Mc4win
JaredLeto,alltotay
JaredLeto,swtimogenation
JaredLeto,dibacez
JaredLeto,aracelidlangel
JaredLeto,iblamejared
JaredLeto,EmJvFrost
JaredLeto,Arabiaofshady
JaredLeto,JulessNTX
JaredLeto,genesismiranda_
AdamSmith_USA,pewpewdieyou
AdamSmith_USA,adlynnnn
AdamSmith_USA,OneOfxKind_
AdamSmith_USA,lydiaosh
AdamSmith_USA,Ayee_Glen
AdamSmith_USA,dnikkist
AdamSmith_USA,Tweet_at_Hova
AdamSmith_USA,shknhvjdr
AdamSmith_USA,sourcherrygirl1
AdamSmith_USA,niamsbubbles
AdamSmith_USA,shantivap
AdamSmith_USA,_hlmilk_
AdamSmith_USA,rinnynorfarhana
AdamSmith_USA,loumlharry
AdamSmith_USA,natalieekathryn
AdamSmith_USA,somuchlouve
AdamSmith_USA,annawazowski
AdamSmith_USA,jatella
AdamSmith_USA,_mssalvatore_
AdamSmith_USA,deepsthoughtz
AdamSmith_USA,niaIIftbrad
AdamSmith_USA,SNDNGCHLLZ
AdamSmith_USA,Qamaruljukris
AdamSmith_USA,narryydelrey
AdamSmith_USA,shutuprebka
AdamSmith_USA,intanrodzan
AdamSmith_USA,Dayahhazlan_
WSJAsia,WSJ
WSJAsia,Shana_7777
WSJAsia,sicomhoro76
WSJAsia,wiesbaden12
WSJAsia,mvargasgarro
WSJAsia,toshihiko_na
WSJAsia,ryzal770313
WSJAsia,cmoon1984
WSJAsia,NatashaSamani
WSJAsia,TheSharv
WSJAsia,DonnaEss1
WSJAsia,LilyStelmach
WSJAsia,gabbystern
WSJAsia,MannasNathan
WSJAsia,goww
WSJAsia,flatfish
WSJAsia,mdc_asociados
WSJAsia,NehaPoonia
WSJAsia,FemgineerCL
WSJAsia,DummyJournalist
WSJAsia,MoBea
WSJAsia,Sicily1960
thidakarn,AnniiTeuk
thidakarn,Boss_prp
thidakarn,slaveofsenses
thidakarn,palu4ngs
thidakarn,bifng
thidakarn,ThaiTopRT
thidakarn,hisnirs
thidakarn,theTuckky
thidakarn,nam__chns
thidakarn,uncanny_PP
thidakarn,Koichiizie
thidakarn,Newspapers_pj
thidakarn,kukkik_yj02
thidakarn,Ajbomb
thidakarn,VaNoRy
thidakarn,samarungpai
thidakarn,ohsefaii
thidakarn,Fernsawarin
thidakarn,DeerYDay8
thidakarn,wirunwitk
ANI_news,g_101010
ANI_news,mishragvikas
ANI_news,PrateekPN1990
ANI_news,manojkagarwal
ANI_news,vikas2783
ANI_news,GophalRaj
ANI_news,vipulsatishhir1
ANI_news,33908rajput
ANI_news,DisplacedPandit
ANI_news,rishabhthakur
ANI_news,harshlapsia
ANI_news,whencutwit
ANI_news,NitinKapoor2020
ANI_news,absakshaini
ANI_news,ManyaPande
ANI_news,Kmlesh47
ANI_news,YadavKaveri
ANI_news,csofficiall
nytgraphics,Parveen78347431
nytimes,megurin3sei
nytimes,odcastilla
nytimes,kokenes
nytgraphics,NHTOYMc
nytgraphics,Marilupe2000
nytgraphics,natashailijoska
nytgraphics,miyutube
nytimes,LiaMndz
nytgraphics,rhodzkhie23
nytimes,violetnyanco
nytimes,Micah_W17
nytimes,Salil5555
nytgraphics,Kiminator
nytgraphics,ltangel1004
nytgraphics,shklkhan6
nytimes,Jiro_Bar
nytgraphics,idddddd
nytgraphics,umairwahla
nytimes,Waiting4Jae
nytgraphics,sunyy7
nytimes,gonzalodelriov
nytimes,Lo_Nepal
nytgraphics,bimnutt
nytgraphics,h_luciano
nytgraphics,MyLovelyJay
nytgraphics,_MAXedOut_
nytimes,brandyrenee
nytimes,dekoninck4
nytgraphics,StartleTheWorld
nytimes,AllanVallejo
nytimes,MANDIARIA
nytimes,RatherRosey
nytimes,ed10018
WSJ,Fkrsss
WSJ,lachhetri
WSJ,EmpoweringFem
CFDA,noomnimch
CFDA,GAOGEE
WSJ,photo_love888
CFDA,FAAATrckarcano
htTweets,sunako_s
CFDA,almasnabili
WSJ,dolladollabill8
WSJ,idddddd
WSJ,stephalidre
CFDA,iningni
htTweets,GaganSaraswa
htTweets,EthanS_G
CFDA,dueanlap01
WSJ,ceprioleau
CFDA,_napattsornn
htTweets,qwnaqvi
CFDA,geannathefab
WSJ,Sudhanshu7Gupta
WSJ,olaniyifadeyi
CFDA,darruka
WSJ,KCW_HK
WSJ,aidorudaisuki
htTweets,bimnutt
CFDA,YJP_jung
htTweets,prateemghosh
WSJ,sarahsuhaimiTW
CFDA,jesnoontuan_dyo
WSJ,Baskarbhat
CFDA,ohsefaii
htTweets,meetrosh1
htTweets,Abi_Nagpurkar
CFDA,farzanaazz
htTweets,Dayahhazlan_
CFDA,afmuhammad_
WSJ,LucePerformance
htTweets,MonicaRijal
htTweets,regalrashid
htTweets,asanjum
htTweets,BexCowling
CFDA,crissimuahh
htTweets,AvinashRaj_Jr
htTweets,bjpaddy
TheWorldStories,gupearx
TheWorldStories,AnonymisStar
TheWorldStories,dewiriyantir
TheWorldStories,Esther_GK
TheWorldStories,aidenwilliams23
TheWorldStories,ChaseKlingler
TheWorldStories,Raza_Mohamed
TheWorldStories,Bemyvalent
TheWorldStories,OheyIts_Aisha
TheWorldStories,Nick_Childs13
TheWorldStories,AmiraFadzilah
TheWorldStories,Dark_Magician14
TheWorldStories,Boss_Senken
TheWorldStories,sillysheinna
Lakana_NRadio,swrparn
bryanboy,vEelynBryant
bryanboy,brandonbenotn
bryanboy,rj_hammnod
Lakana_NRadio,Phawadee5
Lakana_NRadio,MomentStum
bryanboy,cinbinbanis
Lakana_NRadio,WwKmchn
bryanboy,dewight813l
Lakana_NRadio,kwangmin_a
Lakana_NRadio,NooNMonO
bryanboy,rocwdforward
Lakana_NRadio,foxyNinetails33
bryanboy,BlueprintMDg
Lakana_NRadio,Aulllly_94
bryanboy,samdbrown777r
Lakana_NRadio,Tnim_in01
Lakana_NRadio,0903theAeAe
Lakana_NRadio,DeerYDay8
bryanboy,pros_in_stagngi
bryanboy,CEOoA2Of
bryanboy,LiaVdaez
bryanboy,GKHutchinos
Lakana_NRadio,puy_Lb
can_nw,boss_vis
can_nw,Janattha_BB
Kevinwoo91,NeneK96
Kevinwoo91,19th_minazuki
can_nw,papinnn
can_nw,punimz
Kevinwoo91,Lollita_belle
Kevinwoo91,maiko3_7
can_nw,superploizzz
can_nw,perspec
can_nw,Shoikbo
can_nw,khunliing
Kevinwoo91,x_qisty
Kevinwoo91,YoungChaNL
can_nw,vidaes
Kevinwoo91,Nan_Tofu
can_nw,mykimkaaaaaa
can_nw,Fox_1989_
Kevinwoo91,IBABYGT67
Kevinwoo91,lililopezlemus
Kevinwoo91,inspirit_virg
Kevinwoo91,HyunRi998
sue_amandasue,goshrestha
5HonTour,5H_FOREVERR
5HonTour,AuntJanina
b_surisa,IAmasmilee
DrunkVinodMehta,Bonnindia
DrunkVinodMehta,azherhusain
5HonTour,AlyOrti
DrunkVinodMehta,Tweetmeatayush
b_surisa,Rachida_Report
DrunkVinodMehta,vinodmehtadaru
DrunkVinodMehta,chetanr07
sue_amandasue,ChiyaPop
sue_amandasue,ghimireab
b_surisa,FaiiExoeXo
sue_amandasue,PrayforNepalese
5HonTour,leisurelylou
DrunkVinodMehta,rahulgunupati
b_surisa,taengtown09
sue_amandasue,Misezblack
DrunkVinodMehta,domAlvares
b_surisa,VoramonDear
sue_amandasue,Dinesh30np
sue_amandasue,BijuBjs
5HonTour,Vii_Lacerda
b_surisa,AnantayaWinJ
5HonTour,jasmine_walden
DrunkVinodMehta,shubhamamdhare
5HonTour,hazycamila
DrunkVinodMehta,sujataanandan
5HonTour,arrowreflwction
DrunkVinodMehta,ErshadShaikh84
sue_amandasue,niiraula
sue_amandasue,kumar_alone
sue_amandasue,dipak_soltee
b_surisa,jannjoker
b_surisa,ELFullyii3
b_surisa,themqim
b_surisa,21Sumana
5HonTour,5h_awkward
5HonTour,frases_info
rkarnad,tinapayson
Gurmeetramrahim,sarlmeet
andytelasai,sharminneee
Gurmeetramrahim,bunty_insan
andytelasai,puteriayuni_
andytelasai,amandachuax
andytelasai,ainizafirah
Gurmeetramrahim,pindersandhu521
abpnewstv,Tips_Guru
rkarnad,chupchap
abpnewstv,anayaseth
abpnewstv,friendscongress
Gurmeetramrahim,ishwarratia
rkarnad,sunainak
Gurmeetramrahim,c7677f7b129d4c5
rkarnad,pratyahara84
andytelasai,Syrh_Imrn
Gurmeetramrahim,renurani16
abpnewstv,OmmiRj
abpnewstv,_sadia_
andytelasai,Athirah_Ali
Gurmeetramrahim,kapilinsan15
rkarnad,borderline4life
andytelasai,MaikaNizam
Gurmeetramrahim,kanwaljeetinsan
rkarnad,raghuiyer
andytelasai,chanyeoj_
Gurmeetramrahim,roohdeepinsan
abpnewstv,SanchitKumar2
andytelasai,yuxuanc12
rkarnad,PainkillerGSV
abpnewstv,Lonevolf
rkarnad,vinodm_85
abpnewstv,Rjsekhar7
abpnewstv,IHinduLion
rkarnad,rveda
prabalgurung,grg57shabnam
prabalgurung,KhushiS99047387
prabalgurung,IAmMbnMubeen
prabalgurung,Aaditya_j
prabalgurung,SUSH10
prabalgurung,ojha_khushi
prabalgurung,chrishoran20
prabalgurung,TanviG
toiphotogallery,_Sanely_Insane_
IndiaToday,AbDwivedi2
tasmiimlak,Gabbeyonce_
RT_com,kommandoradio
sciam,RhituC
RT_com,2wheels4justice
IndiaToday,kitabeekida
sciam,Goldndave_US
toiphotogallery,cswapnil05
IndiaToday,prash_dhar
sciam,Faraax2
toiphotogallery,b95302219c654a7
tasmiimlak,LOVEugonma
XHNews,IndiaAnalyst
tasmiimlak,hioliviaaa_
toiphotogallery,abdulha22059266
toiphotogallery,sangeetj
sciam,brown_212
RT_com,aarijswasti
IndiaToday,prash_samsa
RT_com,thistallguy55
RT_com,LynnJepson1
sciam,WaterflowerM
XHNews,jalak501
tasmiimlak,itsaImaskhan
XHNews,alert01
XHNews,ZolaFebrian
XHNews,ElCuchicapador
RT_com,joey_kanis
sciam,sumi00190080
toiphotogallery,roserox24
XHNews,GangHanJo
tasmiimlak,johnmbithi13
XHNews,PaOHLinux
IndiaToday,LohithKunigal
IndiaToday,Rjsekhar7
IndiaToday,PanchalYashesh
tasmiimlak,tomsechenko
sciam,JoshuaRojas19
RT_com,kiykun
toiphotogallery,RaviSB2
tasmiimlak,GitunduSteve
nickjonas,instxgraham
AriaaJaeger,Fatinpatail
UNOCHA,jenKwatson
UNOCHA,welchem89
ThislsAmazing,_therealmartha
SBSNews,JanieWray
SBSNews,RorNotRed
SBSNews,NBeachesDaily
AriaaJaeger,melissalimman__
nytimesworld,lettywho1
ThislsAmazing,misssssqueenb
nytimesworld,sunyy7
AriaaJaeger,ierahmz
ThislsAmazing,lol_rad8877
UNOCHA,meganopija
nickjonas,MaferCastillo06
nickjonas,CaterinaElleman
ThislsAmazing,alondramalto
nickjonas,ItsAJonasThing3
SeeteshPande,HDL_Global
AriaaJaeger,patootie_wz
AriaaJaeger,Sufiyanzxc
UNOCHA,samosamancer
SBSNews,blacktowny
nytimesworld,FabriciasantosJ
nytimesworld,RAWorkmon
SBSNews,newsonaust
SeeteshPande,TankRavi
nytimesworld,PuppyKhan
UNOCHA,Aeyaz_Razi
SeeteshPande,schakrabarti63
ThislsAmazing,SalutemyDOPE
SeeteshPande,VipinPallot
SBSNews,me_subas
SeeteshPande,mohanphv
SeeteshPande,manojgj
nickjonas,glowmydiamonds
ThislsAmazing,Heyitsmajoop
UNOCHA,ArmanAKhan
AriaaJaeger,jesnoontuan_dyo
nytimesworld,MariRamosTV
nickjonas,BarrettSibbald
mama_finch_,patstagepage
NBCNews,djtraumahawk
MorganHood18,terrie_gallo
cnnbrk,ElgieJuvylyn
KatzOnEarth,sha_ghi
bijlichorr,sanjay0228
nickie_furr,ahmadi_farhang
NBCNews,pinky_syed
9NewsAUS,Priscilla_AWA
mama_finch_,anaggh
MorganHood18,flagg_carlotta
Sethrogen,nickcozmo_nick
bijlichorr,octotus
hohocho,Ti_Tar
Sethrogen,CooperCorgiBear
cnnbrk,hannahtrangg
nickie_furr,mehranbahrami6
hohocho,bbombsdimple
bijlichorr,southGanga
ReutersIndia,eightynines
NBCNews,ELFullyii3
MorganHood18,sharie_negron
ReutersIndia,aModernMaverick
NBCNews,Sherbettz_kai
hohocho,nara8477
nickie_furr,rashidrashidi5
cnnbrk,NEPGL
Sethrogen,LucasMcCord23
cnnbrk,juliejwng
9NewsAUS,brotasha
ReutersIndia,i_NayanD
iamsrk,kavish_aziz
MorganHood18,crist684_crist
iamsrk,Anjanligal
mama_finch_,ameeshaprabhu
ReutersIndia,rohitagarwal86
hohocho,khteuk
nickie_furr,KirklandPaulina
mama_finch_,gopibella
mama_finch_,thatwearwolf
NBCNews,henne38
9NewsAUS,regs_ght
KatzOnEarth,anilbhattarai
9NewsAUS,cag113
bijlichorr,Harshitavallem
iamsrk,PeterJi
MorganHood18,eve_conover
9NewsAUS,tellina_one
nickie_furr,ArletteHigtowr
iamsrk,iamShahMim
bijlichorr,chaitanyawaicha
KatzOnEarth,prabhasp
Sethrogen,KirstySwag1
KatzOnEarth,CicelyCrew
hohocho,someforyoo
KatzOnEarth,GhimirePrashant
iamsrk,sugamjajodia
Sethrogen,emfaye87
ReutersIndia,mayurpatel1661
cnnbrk,SharonsRose13
hopi_domingo,gyorodan
GoogleCR,anpadgavar
siobhanheanue,abelspunk
Discovery,vivi_is_kawaii
DainikBhaskar,bjmodran
DheerajGbc,dipak_soltee
AJENews,Marilupe2000
siobhanheanue,horansdobreva
aahanasharma11,poojainsa1516
Discovery,Janoagsmx
abcnews,RosemarieJarvi1
DainikBhaskar,gaamaalachora
AnupKaphle,Asghap_Asrap
ZeeNews,Chandraraisamp1
AnupKaphle,AlpineGlaciers
firstpost,Abhibansal
dailynews_world,stampeemmie
DheerajGbc,batiyana
abcnews,Destinyuhva
aahanasharma11,kamalmeet7
DheerajGbc,Smoking_Sadhu
vikrantkumar,singhkgautam
siobhanheanue,Tapparid_TAR
hopi_domingo,Mazitama
snobers,151Kamii
abcnews,StMurphy
AJENews,MukeshSinghani5
GoogleCR,jenKwatson
101Jakfm,babamrii
snobers,baekhyunpouts
peebles_krystin,leia_kendrick
dailynews_world,actions34
TamangPhan,jhrux
101Jakfm,fahmiku
abcnews,Jeffrey_Addison
dailynews_world,Ging_Janthima
dailynews_world,NatZynat
ZeeNews,bimnutt
hopi_domingo,snow1980osaka
AJENews,Kedlek
hopi_domingo,roujinbakudan
TamangPhan,brotasha
TamangPhan,SujanUday
peebles_krystin,lombardi_dahlia
AnupKaphle,souravkamalguha
AJENews,RajeebTheGreat
DainikBhaskar,LuthariaRichie
India_Policy,raju777_praveen
India_Policy,Senag23
vikrantkumar,vikrantaud
101Jakfm,mutiaraauliah
firstpost,bimnutt
101Jakfm,rozelinne
DheerajGbc,LohithKunigal
GoogleCR,mirukut
siobhanheanue,JeanTheMachine
vikrantkumar,Atulj2107
AnupKaphle,rcCola74
peebles_krystin,madge_branch
DainikBhaskar,manojkumarobra
TamangPhan,_tommoxaf
aahanasharma11,SunakshiInsa
India_Policy,assessmental
ZeeNews,kitabeekida
vikrantkumar,Cerebrus_
firstpost,Sudhanshu7Gupta
Discovery,sumi00190080
Discovery,jackiescaroni
aahanasharma11,Puneetinsa
snobers,WahidaChikda
peebles_krystin,russel_altman
ZeeNews,Tech_Sharer
GoogleCR,gargorama
abhiman76382510,modibiharfan
India_Policy,GophalRaj
snobers,ferrnest
abhiman76382510,Bedi4DelhiCM
abhiman76382510,BiharWithModi
firstpost,shivakumar_l
abhiman76382510,MissionDelhi45
dw_espanol,aliciapetermann
TheEMDistrict,dms_is
bernamaradio24,muhdaidil20
mohite_sonu45,joannasteph311
Cricrajeshpk,cricpooja
coloradoan,akasha777
SamaritansPurse,AnimalBeatDrums
AP,dzaannad
IBNLiveTech,Vikashnirala1
iHrithik,nabin_dangi11
TeamBIGBANG,bluemaidtoo
yunamusic,natsabari
IndianExpress,hannahlaylah
iHrithik,SukanyaJogdand
smh,AnnaDsays
kundadixit,tvpadma
friendycalls,amniraj
SamaritansPurse,KirstenKea
Cricrajeshpk,fifawc4
BangkokHospital,ming_tunchanok
501Awani,HibbanAbdullah
googleindia,balajiramar
BangkokHospital,uncanny_PP
HuffingtonPost,boss_vis
PzFeed,DMB_Deej57
ABC,Zaimatnoh
smh,ApshuChaulagain
HuffingtonPost,Itsarepublic420
mohite_sonu45,sh_nasir
Cricrajeshpk,TendulkarFC
BangkokHospital,halojaniiz
ArvindKejriwal,AyeAyush
KapilSharmaK9,kritiranabhat
friendycalls,rrp447
googleindia,ant_tony_antony
501Awani,iktibarikhlas
bernamaradio24,bspj88
NatGeo,samosamancer
SamaritansPurse,XxMetal_HeadsxX
ArvindKejriwal,sachchi007
coloradoan,yooper89
coloradoan,kathyslaughter
ABC,liyanayana13
NatGeo,runnamomma
friendycalls,harma_harma
AP,WachiraBW
NatGeo,Babushital
PzFeed,YaBoyDC
ArvindKejriwal,iamsinghk
VictoriaJustice,BoogieLee_DMV
kundadixit,prashantktm
dw_espanol,JPAlvarezGuedea
bernamaradio24,rock4life2u
KapilSharmaK9,rutuja_13
mohite_sonu45,devangdavedd
IndianExpress,henne38
googleindia,iRajeevrg
iHrithik,adityagarg06
dabeard,thatsmey
TeamBIGBANG,IBMNZTR
smh,melindadwight
BBCWorld,LindqvistYlva
VictoriaJustice,roc143lover
TeamBIGBANG,irishhyde
ABC,invisiblevpn
BBCWorld,farathirah
TheEMDistrict,Erwi_Rommel
HuffingtonPost,suejinorlins
yunamusic,aleaffff
dabeard,bellsyvonne
BBCWorld,Fuzzyvesper
IBNLiveTech,flnblesseddebi
VictoriaJustice,balmiki
dw_espanol,beatrizbautist6
PzFeed,godwill2010
kundadixit,venkatananth
dabeard,ArmanAKhan
IBNLiveTech,Tech_Sharer
IndianExpress,lisasardini
TheEMDistrict,jahthidayu
KapilSharmaK9,sundip81
AP,heartonrydel
yunamusic,jiejasempoiii
501Awani,AlifAmirull
KurtBenz,yourehott
BrandiGlanville,Isla_DomiNina
ShraddhaKapoor,PradeepyPy
noconversion,nainawatip
wwwbigbaldhead,AucklandDaso
shuaijerks,Zhouyi7
OCHAAsiaPac,scriptpeedu
ShraddhaKapoor,Babushital
8bit_HORIJUN,o_n_e_p_i_x_e_l
NorbuWangchukTG,bhoodev_gangwar
BackpackerInfo,avystina_putri
rishibagree,meenabg
PPTVThailand,momoko_queen
sandeeproy1,Trending_India
MrsGandhi,SeemaTiwari
TheNationalUAE,dispirits
bryanadams,Jaykant007
planemad,gnowgi
rishibagree,4jennyonly
YUVSTRONG12,cricpooja
KaifSays,_ArdentViratian
nofrills,panasea75
ImranSiddiquie,Aeyaz_Razi
bryanadams,BiyonaCom
DelhiIndiaRR,prash_dhar
jojokejohn,TouchofMojoHand
leishachi,hofrench
linkinpark,NLopezdeArenosa
PDChina,eefjerammeloo
CNNImpact,bookworm474
DelhiIndiaRR,kuntalpshah
ChannelNewsAsia,Aliyaa305
ChannelNewsAsia,gaamaalachora
8bit_HORIJUN,ocean_orenge
ImranSiddiquie,2642671
BrandiGlanville,CyberHousewives
PostGraphics,BennyWagstaffs
NewEarthquake,martin_hieber
google,Garyou_Tensei
noconversion,rkbpillai
UNICEF,RaniaGelidi
chinaorgcn,bhu1st
OCHAAsiaPac,CurvesOfMessi
Boppo2011,00falcon00
Emirates247,CheskaCity
Sanjay_Vis,manojkumarobra
jamesmassola,Hastie93
aajtak,naseemkhan46
KurtBenz,chris421_
RadioPakistan,nkshakeel
narendramodi,GautamGurav1086
PMOIndia,BJPMissionBihar
upadhyaysbjp,ys10893
Boppo2011,5Riverlife
shuaijerks,0wuyifan0
chinaorgcn,dhwoje
YearOfRat,whencutwit
morgaaanf,matthewdnguyens
CLIMAMERIDA,silviavivas17
jojokejohn,catlover1943
9NewsMelb,cag113
upadhyaysbjp,BIRENDRALAWYER
nytvideo,rashidaldosari
ShefVaidya,Eccedentesiaste
redcrosscanada,Kame_imat
originalpandit,Akshayamukul
google,Az_100
DavidBCohen1,nehaapriyaa
BhavnaInsan7,sandyinsan21
MSF_USA,aModernMaverick
NewEarthquake,KhushiS99047387
BANGCHANBABY,IBABYGT67
PPTVThailand,ME_meennY
heldavidson,LyndsayFarlow
sandeeproy1,2emkay
RadioPakistan,amiraftabnazir
karkianimesh,_Nchpratum
BhavnaInsan7,poojainsa1516
ShefVaidya,heeraman98
nofrills,wakuwakunyanko3
DavidBCohen1,girikesavan
CLIMAMERIDA,TodoTiempo
dibang,MousumiB89
YearOfRat,skakarala
sanchitsocial,AlhadSoch
planemad,CreativeWolf
Whiskeypeedia,GufranShaikh41
Emirates247,HIAbuMazen
nytvideo,NinjaPosition_
dibang,imranalam0511
LamaZopa,Kadriblaster
Sanjay_Vis,mayurpatel1661
ndtvfeed,Gunnerific_arv
gretchenho,5977f7b85c7a47c
gretchenho,winnerboom
leishachi,naunihalpublic
heldavidson,jurylady5
karkianimesh,deviratna45
PMOIndia,TheErPankaj
TheNationalUAE,itsMRYM
KaifSays,ZebaRaina3
PostGraphics,actdogmom1958f
klustout,jose_baha
klustout,kosher_house
redcrosscanada,premawatti
MrsGandhi,rohandes
9NewsMelb,racht
linkinpark,Chef_Swagger_
jamesmassola,devicpokhrel
BBCBreaking,_tommoxaf
wwwbigbaldhead,IreneZaga
ndtvfeed,abhinavgupta16
narendramodi,RahuldevB
PDChina,JoshuaDaCat
LamaZopa,Dikila13
BBCBreaking,9dca1df31dd649c
UNICEF,infinityandtime
BANGCHANBABY,matin_minmin
sanchitsocial,AATIFaltaf5
YUVSTRONG12,vatsalpokar
MSF_USA,infinityandtime
Whiskeypeedia,theSachinPatil
originalpandit,timesofindia
morgaaanf,hxnnxhwong
NorbuWangchukTG,surindero
BackpackerInfo,jesnoontuan_dyo
CNNImpact,kmurphy_
aajtak,SanchitKumar2
KanakManiDixit,Gayatri__J
DeborahClay,RadioJerk
danielmazur,tanawc
sshubhamdutt,gecko46
KelCull,TuesdayTells
ggiittiikkaa,dvsax
CARE,westcoastmom
surnana111,gurpreet3136
pipfreebairn,bututar
l0l93,Baek_nine
denverpost,mjwatts1983
virendrasing,monikapandya29
foxnation,Moe_Fugger_72
AchaleshAmar,whencutwit
SrBachchan,lawleysforever
aaronpauley,Grave_painter
SankarshanT,cool_dallu
MasonMccoin961,BalouchN2
GreggMasters,LorettaKusaj
praveengupta30,sandyinsan21
MILANPERU,theprasiddha
Ac_in_quest,vibhavarms
KathleenLights1,bridgetva_
chiefsanjay,amit030
manibr_r,Sunbird57
foxnewsradio,7asry__tw
waans_,BeeKem
soniamehra3841,poojainsa1516
dogslapshot,RosaTrunk
LegacyByLibrary,ParentingMotion
ChandniGodara,sandyinsan21
BritishRedCross,kb5zzk
BellaFawzi,Marissa_FH_UGM
ZiadAsali,perry1949
BostonGlobe,jarhenkac
jon_m0hem,a41_ma
BowlerDerek,CidEloisa
nprnews,whencutwit
Telegraph,atifah_rahman
DawnZpost,lycabaquing
TheFireTracker2,kb5zzk
icandyapple,itsmetannya
msgkohinoor,poojainsa1516
CTVVancouver,tweets_2_help
DelhiPCC,ARPITCONGRESS
asyakabhiwww,MadhavA09728631
franksesno,InkedDoll
MugdhaMagare,lalwanikhush
asMa_DuMii_rAii,madinamgr
drharshvardhan,bhoodev_gangwar
KLOVEnews,MaribelBarton
WwwKuldeepinsan,sandyinsan21
blim0827,monyecaCapkota
thatsTelugu,sanjay_gouse
nuavicenna,victoriavaneyk
nitin_nitingarg,ea5118d3e7a44a6
EmmasUniverse,zzziiikkih
dhawan67rajesh,summitinsaan2
HeidiWigdahl,LValsvik
paskorn,m_museums
chaethighs,tabiismyoppa
kerikaeindc,InkedDoll
iHegdePooja,abHjJ1loSI6vw1W
Shobhit_Focus,prateemghosh
tsemtulku,CastevenLimKHJB
vishalgondal,LiveNewsyTweets
vinod_sharma,wattalan
GlobalGiving,Monicaollu
derasachasauda,poojainsa1516
AliAbunimah,mayasdreams
akshaykumar,KShidhganesh
41_ankit,sandyinsan21
HMGian,prateemghosh
IslamicReliefUK,azzahab
wheresalicet,nepali_ashok
JohnCMaxwell,Scentopia1
ledzeptickets,MetroPulseUSA
GoBGR,2Corin46
nzherald,jose_baha
sotgigeeta,akhileshapp
adhirasy,thatsvipul
sharadnirvana,rkbpillai
maria_ressa,lobenia26
rolandparis,ccopelan95694
KhuranaInsan,sandyinsan21
WorldTweetNews,TheOmkarSethi
RichardBarrow,papappae
DeccanChronicle,Latz_G
nypost,vero_81
rizalzulkapli,flow4health
ksushma140,sandyinsan21
davidwu9999,sunlight_peace
SteveGutzler,Courage08
ravee251,sandyinsan21
avi_insa,sandyinsan21
PPTVNews,_mindKY_
HazrulAzizan,fatinnoorzafira
AlhadSoch,goldenboyankeet
NiTiSHmurthy,lawleysforever
prasanto,Anirudd695
iJesseWilliams,brandyrenee
RajatSharmaLive,PrashJha16
sirrogermoore,JeffBrez
TimesNow,Bhavik29
theage,Marilupe2000
arjunk26,Babushital
PFischler,mtn_dreamer
Aliza1590,sulemanb523
emilyjford,amyamilie13579
PrepperChicks,cimtrbl2
jaskaran57000,summitinsaan2
Slate,mrchowdigital
NapaRegister,msjessicadunn
namitabhandare,annaverve
LuckyMunjal,sandyinsan21
weeddude,mccirz
DuchessGaga,LaurasHotAss
theokingma,WCaddict
kantipuronline,EimMadan
got7co,juleswang852
khabarist,nasirkureshi
chicagotribune,Annacielom
ani30oct,Dr_KC_Mohapatra
gmanews,AntonNarciso
Shahrcasm,WatanLuv
i_VKohli,meena_vinod
stockbaat,amanmann15
cranesmaker,celebratesixty
sankrant,vikrantaud
rampalarjun,Nadoalawmar
geetu_gi75,summitinsaan2
KTLA,cee_santokki
akashkhosla,Sunaina0901
ibnlive,nvme_5
p_adic_Saurav,nobar_code
_DipikaSen,madinamgr
MahaveerM_,tivra123
intodust_in,banuaydin
AOL,kb5zzk
PereraThisara,Manish43My
shaheed3855,rms_rakesh
Vajrakila,Senag23
ayeshashakya,hiropxd
sidchat1,YuukiFushimi
harunosippo,TAKETHRASHMETAL
bragasonia,Monicaollu
bdnews24com,zaynkarim
Report24CA,dredging68
IsraelBreaking,rixtonakatloml
SirZaidHamid,PrateekPN1990
alexanderludwig,susan11parsons
TheLifeSayin,raeesah_70671
AFP,jenikoleva
JamesFrancoTV,CPARJE
CapitalFM_kenya,anselimonjeru
wilfredchan,liltoast3
reporterremoto,Rodrigo_Quijada
haaretzcom,rixtonakatloml
OlivierPayet,Lorena31363874
RebuildPAK,M_buxjamali
RoflGandhi_,Imtwarsi
TimesofIsrael,rixtonakatloml
prabhatjha,TVSPRAKASH
borenbears,InesLalowa
NewsAssam,TheGhyGuy
drauniyar,laxmanKarki1
lonelyplanet,srisna
SarinaKarki52,anishakarki
GabbbarSingh,palkothari
EconomicTimes,vishalgreat
ArpitaCNM,rajendra9414
amyduggar,parlee_chris
Mapizarm,mpca2012
SrinagarNews,_koiiToRoklo
turkpipkin,nuthitmytooth
xx__0_0__xx,LoveTVXQ_
TheSRamani,nitesh_ht
INC_tweeters,KilaFateh
visaniall,originalxnjh
khalidkhan787,hiropxd
spirit1053,ielloz
priyankachopra,SrkSaroz
ICRC,TheKittensMeow
AshishAb13ashu,Queenshayri
amitbhawani,happygoabhi
muftimenk,nabilaqilah
MahparaMushtaq,lawleysforever
praful_patel,badtackle
shamshir_gaya,VikasMedhekar
bianconoce,panasea75
ghimiresantosh3,suraj_bam
AbooMuslim,aasie121
PrezOno,prashishh
kamalasripada,nvme_5
